=Z5,=A36,=D91,392,5594,=K26+T20,8286,498,7483,=X30/L4,=W69*I77,5420,9422,4460,=W78/H3,9652,435,=S81*X19,=O1+K71,=T70,=G87,1604,1096,=K39/R22,=Y52*O13,9750,=G23,6633,=O5,=R88-T67,8611,=X76*O90,4938,=X56,559,5156,=Q21,=U17+O90,8532,=Q71,=V32,=M79,=J39+V12,3393,=L45,=Z23,=O52,=K89,=T34+R75,=A35,=U78,631,=K25,8408,=Q38*I67,=D40,501,=Z98,=Y72*C80,=L83,415,9830,=X47,9912,=Y6/Y93,=F24,4907,=Z12,=I59-R53,5524,6451,=B93/C77,2486,3486,=K81-C77,5285,=E47,3750,=K51+D85,911,4512,2867,=I14,5973,3936,4626,=A34/X78,=E86-B33,6802,=S24+Q2,8873,1764,=A39/O94,7311,=Q92*Z62,2171,=A49/M59,=Q26/N43,3631,=G30/P45,=D26*Z79
=Q46,3965,7905,=J91,=Z20/B37,492,3806,2708,=Y34,=J78,=U20,=W26+J16,5464,1806,=N29-B4,1787,=W38+Z68,1729,=D63,=T92,=N13,=K72,4411,4191,=A97/V68,6374,=C58/A66,185,266,=A55,5522,5557,=O96,=D8,8229,257,1143,=P93-H81,=Z17*T44,=D70+T78,=H90/P28,6462,=H91,=O23,=H68,9605,3841,=G10,=P11,=D35,=E30,=P12,8915,7208,=R9+J41,=G94,=P94,=B75+C59,=Y16,909,1503,=B60+W25,9592,1099,=U92,=D83,=I45,=A22*O98,1500,=R42,=C27-A76,=C57,=Q86+L13,1956,=T57,=V45-J16,7845,6349,4903,4223,7954,=P30,7073,=U58,4733,3295,4356,9057,4292,1096,=T78-K43,8191,=I36,=Q54,2705,=D45*F1,=U79,=H57/Z62,2464,=D30/H75,=H64
7045,=F51*G63,=T95*Y76,8773,1356,=J31+S99,5914,5357,=N86,8830,4752,4226,=C34,1500,=V5,=O76-G50,=C42/I22,=Z35,=Q35*X28,=B70,=J69,=X69,=W68+V59,=S74+V46,=U36/N46,=U75,=J2/X8,3441,554,=K88,59,=Z61,=Z10,3770,=O24-X85,8748,5581,=H10*U77,=Y24/R10,1855,=I7/R99,=G68*Z23,=V1+G84,1508,=U16,=H98,=W19+J52,3062,=A54,1665,8372,2683,2899,=A50,8996,5766,8626,=N28-A34,=X87*U42,=H40-S8,=H73,6418,4887,1102,=K42/G67,=X28/V41,5245,=R26,=Z16,=F74,=Y40-Z80,1467,6793,8764,2076,=L57/H97,9085,4704,=F42-B88,=V84,6081,=S13*S48,=A38+V43,=I93*L11,=G59/B33,4726,=I32,3851,=H1,=O39,=I89-X86,=W86+Q40,=B19-A77,9828,727,=M80,=F91-T98,=G40-Q64,7636,4027,=I56
=Y24-F96,=D64-H50,2883,=H34,3980,=J65,7074,=V78*G37,=T76,=I28,=M7,=H4,=D83*N1,8853,=G56*E58,5004,6283,487,7228,7232,=V12,=E71,=M27,=W35,=V36*H42,=Y84/V22,6506,7095,=B70,=S46,411,=Y30,=F14-S69,111,6463,4289,=N73,=M23+O14,=Y11/E30,8285,=Q36,117,=N2,=R51,4989,4441,=W31,=W92/M49,=K67*B72,=X62/F72,=N37,333,1479,6215,4568,=J44,=S15,7371,6015,=X74+S42,=M73-A30,5277,=O89,=R85,2310,5656,1856,=X56/E67,=P9,=P70,850,5893,6844,=J52,3345,4565,=O47,=M45*W42,3529,953,7614,8665,3823,6291,=G24,=T40,6384,=W95,806,5572,=E96*U7,9929,4210,2645,=U92,=N42+N87,4146,2288,6561,=M76,=T20
9474,2249,7478,=I81,=Z78*F40,4237,8163,6831,=R77+T92,=Q70-Q68,1972,=I70*Q94,4078,=T87*B83,=W60/U17,1270,=E40+Q38,=I64+Z72,9282,=G92,=K34+S2,5431,=V39,635,8005,=K47/U30,=U9*Y8,7838,8637,1645,2824,3291,7363,=G31+O92,=O67/R50,=Z80/W67,159,=G6*M79,1692,=M73/L67,=K47-C90,3724,=K3/A63,=K28+W60,=J27-Z84,=V96,3972,9627,=H17,=V92-Q26,=P40,=Y57,=C30,=C34,=H70,9266,2944,5770,=H35,2681,6529,=J51-L2,9486,3867,3481,6809,9841,8066,=E33,=O1/X63,5233,9750,=J63,=A28+J94,=A40,451,1967,=B61+A44,=Z41,6929,5854,2058,=Y50,=A30-R56,=I33+K65,8468,7945,7051,=K20,7931,=V34*N70,4471,=D38+O8,9265,=M42,5544,6441,4680,=B93+Z15,=E42,=B13/K58
=L23,2573,4205,=E75,=V40+I93,=M17/B8,=T92,=S68,=U76,=J48*I33,=O14,8696,=B38,=G6,7433,5757,=U49+P31,3578,=T89,=C58,=M95,8251,6759,1872,=K33,4429,=L90*A67,=G99,4839,=W36,=R5,=K76,=A74,=N86+X11,=D87+A32,=M3,=B30,7009,5731,5977,4514,=I59/M59,2796,=Y42,1705,4926,=A63+O79,5078,5544,6182,4136,3336,7033,=V26/X82,=M25,=O40+U53,8146,7272,5494,6101,=A10,4821,2147,=I14,=R85/E66,8688,9597,641,185,=J56+B82,6407,9373,=W78,503,=U26,8576,=K75+C92,=G84,8972,=J75,=E44,=K65+S48,=J16+H16,1460,=D47+Q12,5574,=Q5,=Z73,=K59,=X91,2103,=U37,=R34,=D84*S59,=X65,=N25-C90,=L51,=I82,8099,564,=M58
=O89,5090,=S91,5873,4951,4927,5380,=G68-Q93,6232,=F42+E79,9826,2042,=E7,=V84,=W25,=C90,=Y23,=Y27,6733,1597,2990,=J36-K28,=G63,=D98,8331,=O15*F85,8470,=C34,=Z49/A95,3349,6857,1551,969,=M99,=Q68,=T8,2449,8074,5736,2892,=D17-Z35,=H28,8907,=Q35,5717,=M52,4487,6588,=W65/B87,=J59-C86,=U80*A70,734,=E79,4297,=V19,=S26,7251,=H22,5076,=C35,=G6,482,=X81*A40,=T23/Q40,=O85-Q12,2853,8007,9464,588,1818,=G26,=T52+E11,=K8+U55,3283,=N20,=S93/L72,7918,1008,9456,=J49-X35,=B37,=A25,=L86,=K95+W83,=X64/Y73,=J49/Q15,4165,7933,=H22*R51,=I25,=I96*Y82,4614,=P47-D25,3687,9795,=O32+N40,=P32/X17,=T30,4425,3984,5935
3186,6588,563,=E81/C31,=N74-Z25,1405,6001,=Y71,7305,1716,7115,=D59/H46,8442,3108,=D14+G37,6237,2295,=V78-X67,1664,=Q54*T68,=N65,4249,324,=E66+G24,=B59*W68,6850,2728,889,=G42+A45,=I20/T89,2742,=P15,=H24,4494,=F92/B18,4282,6487,=N46+P61,1276,9315,=F12+M63,4708,1563,=O32-R88,=N39,=Z33,=B14,=R55,=G10,8107,1991,=J47,2846,=V3,7586,=B15-T23,=Q76,=N23,4408,=L56,5133,6145,=J23,7057,5907,=V21,=D78+A41,672,1694,=Y82*N86,6102,6949,4786,2132,2531,3271,=R28+H57,=C63,5780,7217,=X94*M41,=H37/G55,156,5653,=J48-D42,=V53-J43,=S29,4400,=T36-S42,=G77-Q52,9076,=N8,3953,=C8,=K22+M75,=R80-Z46,=S55,=E29,=W34,=O48*Y79,3320
3736,2470,2928,1050,9750,=Y97,137,3169,=Z64-S92,3487,=I49,=R5+B13,=T6-R82,=Y31,=S13,6442,8160,=V3-G63,=Z92+C52,=G72,4049,=H5-Z23,5134,=A80,=O81,7563,=T72,=D44-K1,7476,171,=Z77+Q93,=E2/Y54,=R18,4232,=M75,222,1889,=D85,8296,=X73,9227,4899,=U30-R79,=B4,8575,=K42,5515,9674,186,3882,84,=O19/K73,7713,=C9,=W2-B33,=H37*C51,=O9,5110,2854,1109,=L52,=G3,3045,9840,8032,2867,9089,=Z28-U64,3451,3938,6246,=Q94,=S24/A94,4278,=N79,=K89-X14,=E69*E43,=I72,=T12*O76,=O64*G9,=X74,=A20,=K11/G88,=K21-W22,=D31,1604,=J88,1907,=J95*Q2,=E79,=S71-Y53,=O20,=C87,=P68+N44,7956,=O86-Q63,2909,=U68-S29,=T89,=F22*W17,3098
4620,4950,=F90,=B89,4534,=R27,=Q65/G48,=O67*L43,4316,5569,5002,1630,3430,=E53,1218,4062,=H95+F59,=M12*W83,3276,8692,=Y67,=G3,3746,=P64+H35,1483,=C81,7321,9897,6034,=B24,=A37+O71,4962,=I93,6855,=I68/Q1,992,9496,2501,=C79/D42,9734,=E52*F64,=E65,8438,8834,6424,=Q47*P22,3636,=Z65*H44,=Q20*R91,=Y71+X72,=Z68-X2,9169,=W11/W95,583,=Q12+K27,2190,6174,=W33,313,=Y50,4519,4768,3424,=Z53/M91,=O43/P10,8341,=G22*L62,=C98,=Z26/R13,1314,=D38*L11,3461,7282,=B32/W10,8918,159,=E67-H79,9258,=O7,=L28/I89,9038,1608,=I22,1008,921,=T60*S76,=X66,3468,1901,=V69*V35,4280,8594,9914,7125,4442,=L64,=Y89*Z16,=T27,1488,3281,=H87/R92
=F96,5636,=O25,5342,8074,6798,=H43*W68,7421,5017,6076,=B68-O89,2809,4009,8898,2273,=Z32+M57,=T4-A34,=T8*M85,=V93,=V75+O3,2590,5734,=N79*D74,8297,3308,9063,655,3577,290,=D53*H30,8312,=H22-D4,9159,=H75,=I17,4131,2304,=G76/U40,=S30,9569,7995,=F96,=E47/K24,=Z71*S74,=I82,8969,7838,=V77+J60,9285,=Y59,5507,7649,4088,5604,9283,=N40,5281,=V85-P29,7402,=L31*Q97,1732,=V17,=U77,=H51*O35,=G14/O75,6398,=G75+O61,=L91,316,268,=O35+D93,3538,8700,=B58,=N25,3167,=N23+J41,=J18/W61,3423,=L33,=Q30/A72,=N3*I66,=A57,305,=X90,=G97,3501,4864,=X22,=W5/M62,1010,1245,=U26-J75,3628,=F67-M69,9634,1398,=X20,843,=K95-F33,2446
=T6,9059,=R48/P54,=W3*X37,4213,=M99-R76,4148,1455,1614,=L50*M42,6770,4315,=T70/U8,5454,=B83*Y39,5570,6604,=P85,652,=H67,9398,7383,=I39,=W95,=L18/X21,3899,=D68/G34,7745,686,=F54,3252,=D80*U16,=W84+Y66,=D98,=C6,=D9,=T23,=O97/E82,=O45,6771,=B83*R8,=Q23+T82,=P54+O10,=H4,=M25,2943,5488,=P72*O31,8780,6230,=J1,=Z95+C54,=P95-A7,=W61,=E3*U87,5988,8537,1329,3303,=Z8,2683,9759,=S64,=F52/A50,2323,=S99,=Q83/E8,3365,4395,1409,=I20,8976,=C81-V23,8680,4276,6509,=F24,=J5*I46,7558,=H96,9031,1694,2259,=U59*Q71,=V82+T28,=S74+D77,=L6,=O16+U62,5427,=T29+Y37,=T96/P25,847,3271,2131,2014,=Y35/L40,=X49,=R6-B70,7134,=A32,=Q2-O50
=A61,4390,4879,6946,=L77-R75,=A12/G97,1315,5348,=B29*T94,7794,=E41,8280,=S6,=I76/Z90,=Y2,=Y63,=P16/N97,=J88,5956,=U10*Y21,3290,9459,=U40,=V39/P16,=C91/S8,6696,7525,=I80,9087,=U46/L91,=N73/I69,4682,=U39,=R17/Y32,4651,7489,743,8386,=N70,3119,=I44*T59,6637,1514,1049,5970,7597,1065,=Y9,665,=L49/P49,7465,=U33,5877,7569,4548,=L55,=C25/L19,5836,=T59/F90,=H52-O82,=I6,914,8983,=K78+U99,4773,4009,7167,=F90+V55,4137,8740,7018,4633,=P69,6403,=K34-U70,=S38,5799,=T17,=E10,1530,=T4,7644,661,=V19,5257,5055,=T90/Q74,=M43,=Q3+G24,=M75/M14,=V17-C37,4633,8419,=Y6,9552,6805,2488,=F68,=A63*L73,331,3254
31,2630,=V70-R3,6951,=T89,=W52-Y53,1205,4162,=F35,397,=K82,=M34,=Y85-D12,=C43,=N6/U39,3882,=A41,2970,6705,=G73-X22,=J37*S48,3893,=K65,=N41-A11,=P16/P99,=B35,=X28,=Q19/Q6,7046,=J13,4698,9018,=M36-F52,=Y9-A90,=W76,=C16,=J53/J13,1283,=H25,6904,=M15,=G5,5811,6780,2368,=G80-H26,5889,9341,1173,=H71,=D79,=I84*C97,=K98,=R34,=D20,4145,=Z37-A52,1431,=C82,=P75/C3,=C96/Q48,6687,=C56+N89,=Q48-K35,7987,727,=Z14,=C79/T58,=N24,8721,8420,7314,3727,=K47,5248,=N15/Q24,3082,5116,2454,740,9616,26,=Q77/N87,4134,=P81*B71,=Z63,6589,7102,=I20,=T4,=N13*V32,=E81,1321,7948,5910,9991,=Q7/C22,=K50/P37,4682,2867,=Q73*T35
4917,=B51,=W47,=Y15/Y84,8024,5132,2514,6945,=Y80,5145,3807,7918,=U47-C80,5676,=K52*W69,=A76/W21,=S52/V90,=V57+J88,=A72/V4,=S32/C79,6285,7038,=J35,1872,8330,5662,3769,7237,5214,6113,635,=U25,8127,=Z32-H57,=V8,5925,1633,8638,=I20/M37,=R39,2683,8054,=A42,=X47/J54,3902,3391,=R87+Z73,=F20/V11,6660,4714,=T24,=U91*M21,=P30,=L83+H64,=K99,9396,=J54/S40,9098,=D24,=U26*Q24,8760,=E96/H48,=C16,6096,7474,2119,=T21,1769,=F48/L10,6909,8423,=K76,5514,=V57,1260,=F88,9925,=F99,5999,4457,=H46,=I15/A79,=G79/F80,251,=I61*R35,5773,=D79,=X66*X82,9300,7385,7531,=X18,=Z54,6620,=F16-G97,2676,7676,=Z20+I35,1882,1728,=V53/E25
=X68,=X95,=S90,1141,=N75-I69,=D33,=M65,=H87,=T68,4222,=H66,3274,=G12,=Q5,5336,=Z4-P21,=K68,5804,430,=F40,=V80/C28,=F80*O52,4216,9811,=I35*Z94,=W99+O7,3519,2444,7776,1125,=Y61,7418,7481,=K60,1340,7915,3791,1208,4373,4975,8842,5933,9393,3856,=L97,=H25+A89,7918,=N47*L84,=V7+B40,2680,=G55,3352,641,8859,=B86*J88,6290,=V56*V71,=G97-X84,=M11,1393,=S52,=R79*K20,=P45,=U13+O35,471,3535,486,=V90*P1,=M69,2375,3364,=T13,=C41/U55,8843,331,1275,=R31,=S49,=L15+S30,4436,6515,5900,=E45,3007,=J64-G66,=N43*B30,=G25+Z30,=J22,=Y44,3311,6507,8919,4669,=Z31-K81,8723,=A76,=F66-P53,=B14,=O77,=E12,=S58+H52
=H87*R59,=X24,5353,=I55+J32,3342,=R82,=I79,3659,9415,6265,9794,7651,=S20+M86,=W98+P59,4778,5835,6761,=C88*A42,=H93+L30,2790,=Q46/J99,8881,=W56,6767,5263,=M52,=N81,=T76/L85,3946,8105,6919,5915,=M27/O69,=G95,6550,6639,6604,=Q27-V6,=V93,=I14,=S22-G38,=A8,=A29*S46,=C23*W43,1430,=V43,=P98,6950,7677,1454,3579,5124,=R43-S43,=P94+O12,4156,8121,=N61,=Y30,5623,461,8986,2713,=N22*E24,=D86,=U94-I23,1973,4743,4065,=N61,162,=L85+I21,9423,=F86,=L97,4832,320,5732,=T87*L42,4029,=W61+S56,=O72-V17,5542,1117,=N82/Z57,7962,=A95,=L10+K99,5905,535,7000,=F85/V10,=D49,3753,=V8,=Y56*J49,=C41/X45,=C81*Z38,3103,=K26*T60,4297,=Q94
7066,8003,60,=T51,9270,=C58,3442,16,=U43,7610,=P33,=G36,9835,9565,5518,=F67,3943,6262,=Y9,=Z78,=U14,3054,9462,7627,1098,7980,=W22,7114,=W81*Y97,=Y1/O88,7492,9617,=T85*U31,6889,=C12,=S7/E3,4214,2158,=O91+F9,6423,9901,9611,8927,=T40/Q63,622,8172,6505,3694,6825,=P87,2770,=V25,=R74/M85,9843,941,8991,=G29+I59,6861,8731,=R6,=L58,=J70+N54,=F97,3884,=I61/G79,2954,=N65+J51,=B43-Y21,=P43+N39,=H65*V85,7924,=U96/S32,=V15+D83,7763,=E56+Q46,=T23+U96,=P26,2173,=A58,3750,938,=B4,1877,5569,=D19,=U14,=A19-C67,=C63,=Z92+L1,=F89,=Y75,5428,1644,=V82+G79,3019,3607,2292,554,5193,8079,1309
=I41/V36,2832,=Z56,=A87/B16,1809,8064,=X74/B47,=T20,5034,=I71,=K71-S31,2171,6684,5942,9425,=V28+X86,=B35/J8,=I89+G64,=A50*H44,2782,1861,2577,=V4,=P84+X12,6250,=K85,=V4,=Y41,=O48+P70,683,10,5532,=F2-Y44,749,=V52*U59,=I35*U89,=S39,=S7,=Q61/Y49,3635,188,=T4/C93,4617,=E52+D6,=C93-G15,1833,169,=Z65,5923,6501,=V98-Y72,=Y51,5821,6555,=S71/E72,=V92,=C99-Z85,8511,6446,2161,=W13,=T74-W16,=L95-Y89,=H49+F66,7963,505,=G7*N34,9553,107,9574,=R18,5816,4114,=A50-Q65,5463,8595,=U31,9352,2924,=M25,=T42,=E43,7913,2027,=H85/E90,=X79-G1,5197,=Q34+W36,7645,5203,1130,=F67,=R3,9453,=E77/V41,=K26,1631,=H12,=Y75/K2,5302,=G40
=B1*L45,349,3678,=I33,=I19*L35,5394,=L89*H1,=J61,=F37,=K95+U6,=Z51-R53,=A46/H83,=N64-D14,=O71+U98,=F64*Z77,=M7,=F81*W22,5422,5229,9245,9076,=Z35+A29,2191,=I77,=P79,=Z79,3203,=O86,=F31,=E52,1768,=A34,=T49*B54,5692,=U47+K71,5906,6123,=R18-H40,861,=Z56-G33,3625,4605,1790,3205,=J51-U31,2705,2913,=O49,5483,3939,9890,=B22,9711,=V56+P97,=Y70,1954,=O52+Y82,=P39,383,=Z12,3833,2389,3618,=T14*O79,=Z75,7895,391,424,1796,=M65,=O30,8546,=S54,2943,6365,=D44,=M24*M75,9022,=P32+T41,7708,=D5,5601,7765,=Q11*Y63,7317,9457,=T63,332,=M38,615,=V26,3819,9189,=U58/U36,=Z66,=M30*W7,=Y52,10,3167,=Q56+R63,=H93*M64
4340,=B86,2690,8670,=P2+A87,5952,449,=E13+H87,=I97-X57,3573,=A90,2567,4301,3752,=M31,=L48,6768,5013,=B15*K88,1117,3779,7019,=O77,9610,7109,4008,1957,1325,7031,=F47-Q54,=U85-U76,=N56+B46,9461,5652,2655,2626,=V80,2949,6453,3423,407,=Y20,=D88,=O84*F37,=Q20-P4,=Z84-L84,7458,=K33,=D51/A44,=I97,3123,693,2922,=H35,=W14/X64,=Z38-V8,=K34,4326,1940,=J64,=S78-G32,2953,=X94,=V31/N8,4659,3809,=W98,1992,=I84,1971,7747,1074,6617,=E25,=T4,1096,=W15,=Z29,=V90,6853,7085,3346,=H79/S71,=B57-K93,1533,6037,=S29*T4,=U18*Z38,=J46-O76,9661,=R34,=S75,=O46,9892,5826,8802,2134,=M59-P61,=H65*E96,6022,=K86/W34
=S46*A90,=X69+W87,=E43-D61,=C80/G26,=N48-P8,7693,=L45,=A16,1004,=V30*M62,=H39,8717,4014,6330,=Q99,6876,=G42,469,=R76,=J82,2366,1994,=A3-D90,=J17*R85,700,=G4/I9,567,5575,6290,3938,951,=C40+H99,=M53-Y95,=J53-Y60,=O86,=U59,4575,=T81,=G40+K6,5286,6748,=J44/Z18,2126,=T61,=G84,2670,330,=Z23,8683,=H86-Y98,=A15/R79,5767,598,=D17,=T69*C78,=S90,=P1+J82,9053,=O5+G43,6523,3544,409,=M4,8808,2506,2380,1846,=G33-Q48,8865,8890,7828,=X66+B46,=T89,6936,8638,=D77,1707,2990,8082,7320,8971,8719,=C40,=O59+P72,2099,4322,=N68*B7,=V55,7967,2279,3183,8162,=X46/O11,3947,9552,3511,7945,3597,5655,=K11*F65,5954
=F38,4941,=C80+N58,3592,=W66,=W72/O7,=W35-U60,=U33,=Q88,8284,=Z6,4201,=C50,=I63,6362,=E44,1576,=L22-P82,=E49,6107,=X89,=A26,4833,=A5,7639,=I38,2089,=H67,5297,4500,=U12,=M36-E51,=B54-V8,=Z14,=D73/J16,7406,=H39+I23,=Z46-C56,764,=V91+S83,=N62,=T58,=S99-B52,6009,=X61*N24,=S94,5851,=N52,=M53,=D97,2262,=D1+E14,=L79,=O22*P81,3134,=D28,245,277,8433,=F70+D66,=S4*V86,983,3992,=X25-O70,=Y8,7699,=L45+E35,=Q77,=L23*B24,=V67,4152,=R63+Y11,=C63,6144,8188,4583,=D22/C41,=Q71,=G6/I99,=C70,=K21/O3,7020,5267,=O97,3208,6239,=N1,9702,=M11*B44,=N62-V37,=L81*G16,=F47,6475,=O29*C78,8454,=D42,8619,=U58+D84,7033,=C86+W82,8539
=C26/R93,=M61,1364,=M37/X2,=H67/Y82,5692,=M99,=S6/L27,=S94,=Q78/K54,1806,=N67,=Q49,5744,5257,6715,=S83+P57,7086,6005,=I30,=M50,=K53-U61,6574,75,=Q72/T29,=H16,=R82+B58,=I43*O78,131,=Z87/E45,=Z95-R54,=O13,2528,=H6,741,8602,1874,=R31*O78,730,232,6595,4788,1461,4687,6991,7388,1467,4304,=E61,=Y75-Z30,=B81,9557,=N3,7256,6439,=I90-T28,=U9,=N52+Z86,=G32/W56,=T58+R85,4169,=D40,=B76+P53,=U31+H89,2656,3556,4529,=V66,5869,=U50+U82,4645,7175,4735,9817,3615,7658,=H1,5545,=K56,9190,139,=Z87*H65,=C16,6862,1871,8152,=L20-D49,=B64/G30,3857,8518,=K38/B92,9989,=X7-V82,5969,228,473,5228,8731,1124,=T36,=T2
4526,=M60+A16,6186,=V33-G75,=D58,9632,2149,=H50,3305,8424,=Y20+Q92,=T57,689,=U74,9944,=Z54,9249,=Q36-U61,=I7*U52,=G51,=X9,2819,8854,3750,1803,=E89/K42,=H63-R93,=X58/S20,=A36,7493,=O85+K40,=F12,5826,=D4,5207,2357,=R4,9991,4723,=J75,9638,6288,8005,=O52*Y44,5353,2287,=X82,9783,5512,=T87,5068,=X89-C44,2606,=V8-N18,2516,=M7,=S42-C97,6309,=T18,=K45,=Z94,=Q20/U35,=U7,6123,3174,=A64,3077,6461,4833,4047,6845,=X51,=O12,=Y90,=T61,=F5-H8,4981,=E22-U44,=D24,7242,=L16*G30,4167,=N89-E1,=V87*Y57,=Q35/W5,4621,2400,4193,834,2815,=M61*X80,=P4,9054,9028,5546,2414,=M61,4453,=I48+V62,=Z94/A55,=Z46-K94
=T7*R21,=V77,=R59+G48,116,2499,5618,=J43+U80,=F37/J71,=Q29,2759,=X16/V79,1429,2646,=L47,=N25-H80,=R88,2867,2418,7633,=S82,4639,=N69/F30,=H4*W90,=W93-J37,4902,3351,=U87*P97,=R30+I14,=V80,6328,=H90-F6,=O78+N71,=P87,5795,885,4273,8650,8465,=P59-Y60,2964,=J46*Y19,=O56,=W79+G92,=E1,5036,715,=O24-E20,6489,3467,5494,4761,2543,6372,=F59,1187,=V98+M76,=F25*V69,5351,8211,9981,5839,3619,=W45-F2,176,=Q66,=I66,9410,2881,6322,=A26/I19,=C13-Z85,9285,1374,1323,=T63,=V72*T32,1849,=G18,=X36/Y53,=D73-G56,=R36/D1,=N56*C57,6028,=L37,4142,=X63,=C7/D12,9392,=M12/U74,=V5-W69,3431,=T69-N94,4999,7725,=M81-N19,3632,9690,4348,9400,1116,7277
